,id,name,lat,lon,bikes
0,fb337bbed72e2be090071e199899b2be,Queen St E / Woodward Ave,43.665269,-79.319796,8
1,4ff88d5880e71aa40d34cfe5d09b0ca7,Primrose Ave / Davenport Rd,43.67142,-79.445947,7
2,a09c67c0b419654d907c9134b108e328,Queen St. E / Rhodes Ave.,43.666224,-79.317693,4
3,d6a9daee68070a8b106cfb598d81308c,Bond St / Queen St E,43.653236,-79.376716,17
4,8f8af40d9388c8a3962559e8681d3db7,Church St / Alexander St,43.663722,-79.380288,7
5,5a441560e262305d1934fb3ada5a9517,University Ave / Gerrard St W (East Side),43.657763,-79.389165,21
6,18ea490ab3ca4d10e2927308416edbef,Edward St / Yonge St,43.656729,-79.382736,21
7,b7850948607474362d3728f19a77fdff,Euclid Ave / Bloor St W,43.664467,-79.414783,16
8,7ffd06e0207f80fe1ff6b5ae0bb0544c,Yonge St / Aylmer Ave,43.675492,-79.388858,12
9,17fadbdc5848036c8485099bbf517294,Davenport Rd / Avenue Rd,43.674991,-79.396273,8
10,843dcb87ce2ddb002d2b2900a5418355,Yonge St / Yorkville Ave,43.671944,-79.387778,11
11,438406694750984faa317bc6b1f3f909,Dundas St E / Broadview Ave,43.662365,-79.351104,2
12,41c3e6d3bf3bd993e7d56e22084ab5ee,Front St W / Yonge St (Hockey Hall of Fame),43.646144,-79.377962,35
13,c95712a6fe0babf73cb9da2c05889749,Gerrard St E / River St,43.663993,-79.358534,5
14,2aedc79960408d746f43fb1d91bf7030,Jarvis St / Dundas St E,43.657266,-79.374756,7
15,784016bbba7f7be920647e7f8ec00251,Logan Av / Gerrard St E,43.6672144,-79.3452697,11
16,77f9f2420581968255251d9f26c78024,Regal Rd / Dufferin St,43.673939,-79.441159,4
17,7461a94289f2956b380e5b7684b56a1e,Morse St / Eastern Ave,43.657991,-79.340075,7
18,69dc0257a4d3a1dcd5af06dc3b4eed8c,Alton Ave / Dundas St E (Greenwood Park),43.66745,-79.329408,10
19,365a0f49bf1c9b42c35b531688b9fed9,Blake St / Boultbee Ave,43.672453,-79.338259,10
20,49021f20833894e3dbfaea4fb6e7a9dc,Eastern Ave / Winnifred Ave,43.6592088,-79.3348396,8
21,3910976dfd5888140602a42b14637022,Gamble Ave / Broadview Ave,43.689211,-79.35438,14
22,1fe2e0ad1678ffaf965b10e03a08aaf2,111 Bond St (North of Dundas St E)  - SMART,43.656927,-79.378497,4
23,e565aef96d6d5fce5279ef6f24b9ce69,Dundas St E / Pembroke St - SMART,43.658295,-79.372346,6
24,c765943cac057b6cac0946eff428bf5b,Victoria Park Subway Station - SMART,43.6940155,-79.2889842,17
25,e0dec8b8f5ed285bfbd952bb253084f4,Wychwood Ave / Benson Ave - SMART,43.6809164,-79.4229684,3
26,5ee5f79fc51737623d425310eb0bf02b,Lawton Blvd / Yonge St,43.6910667,-79.39535,11
27,0daa4477ec313c30dc3036f4bd45e0ba,Yonge St / Davisville Ave,43.6975969,-79.39654,13
28,e2911ec2b832c350dad0a8831a30d273,Fort York  Blvd / Capreol Ct,43.639832,-79.395954,18
29,57ef343f4e12ae497e29c3693d922197,St. George St / Bloor St W,43.667333,-79.399429,12
30,a0100ff8f210b72706e06b4c31a329fe,King St W / York St,43.6480008,-79.383177,18
31,32cb4912f6d3269c070a43e658dea18d,University Ave / Elm St,43.656518,-79.389099,6
32,75b9fc3e9bf42a5d26fa1393d9ce72ed,Rosehill Ave / Avoca Ave - SMART,43.687999,-79.38906,15
33,d3e1a4057d9bf7c31c216017a0f1989b,Bloor St W / Dundas St W,43.6563889,-79.45166666666667,6
34,8a4d335d5540e0c2132ffdb1def165f6,Bathurst St / Fort York Blvd,43.639179,-79.399595,4
35,359ce82fbe9d1e9e9962321e62f6066f,Spadina Ave / Willcocks St,43.6616667,-79.40138888888889,10
36,4077bf05c083f50d09a52487fd234193,Cariboo Ave / Railpath Trail,43.66666667,-79.45833333333334,7
37,43e5df21054d20adc56c6aa3544b5980,Dundas St W / Edna Ave,43.657192,-79.452559,11
38,6aa469025f8c5ff029052fab35bca1f4,College St / Major St,43.6576,-79.4032,0
39,b086f4ccca33b1b976b40abe69b78d42,McGill St / Church St,43.660694,-79.379052,17
40,0fa15700b0d780b8f810ced06a01760d,Queens Quay W / Dan Leckie Way,43.636533,-79.395854,9
41,c3033415413ac24bf33672aa79838018,College Park South,43.659777,-79.382767,17
42,ce6e330ba7f61e0453dc1567eaa02745,25 York St – Union Station South,43.643667,-79.380414,0
43,049c76540151608ec55bfcd0e1748f41,161 Bleecker St (South of Wellesley),43.666233,-79.373327,17
44,55a100afdce605b59cf4acbefcdf3213,Spadina Ave / Fort York Blvd,43.640114,-79.393249,11
45,422a936ddcb551dd9f26ec313a450057,Augusta Ave / Denison Sq,43.653766,-79.4016759,2
46,24255acabde130aed03e152541b494fa,Lansdowne Subway Station,43.6587734,-79.443054,9
47,e38ee1ccd4c3964a5c0d308d29403b88,Lansdowne Ave / Whytock Ave,43.6538888888889,-79.4413888888889,3
48,fc5b892aa82601e2374e8c1772dde569,Sterling Rd / Dundas St W,43.6508333333333,-79.4430555555556,16
49,90ec8d1df4740c1de95c087a11617c47,St Clarens Ave / College St,43.651238,-79.43868,12
50,452241fc4e912119f006a20b4b0099cf,Ossington Ave / College St,43.6544915,-79.422634,6
51,eb20e0b8c7c8bf1fc4157a3b715e2837,High Park Subway Station,43.6543604,-79.4655296,3
52,baedec3042f7094d0564ef8a1295e5d8,Lake Shore Blvd W / Ellis Ave,43.635932,-79.465083,4
53,196146f920152f5d70175a14f0e88184,Parkside Dr / Bloor St W - SMART,43.654501,-79.460053,6
54,e4481e45d22462b01aca9513d8f5674e,Lake Shore Blvd W / Windermere Ave,43.634896,-79.467763,9
55,0cf5a51077c51159b5d6c8ed5b4c9db5,Martin Goodman Trail (Marilyn Bell Park),43.6314,-79.4304,21
56,59ef2a57efd0caf7727dbb6451bb8808,Lake Shore Blvd W / The Boulevard Club,43.636731,-79.444966,15
57,fe00988a883c9469b82d17221ef1824b,Dundas St W / Roncesvalles Ave Green P -SMART,43.6534268,-79.4512787,8
58,f376aecd6bb0d97d5d1580e9537017dd,Erskine Ave / Yonge St SMART,43.7112153,-79.39894,12
59,d04f206f6afecb72f5821586d56f5071,D'Arcy St / McCaul St - SMART,43.655227,-79.39201,8
60,d7227eafd0ff8024632b2c9cef1f209c,Mortimer Ave / Carlaw Ave SMART,43.685167,-79.34962,9
61,0ec9fc6c92f35e65f603cd6e7c550f1f,Cumberland St / Bay St SMART,43.6704537,-79.39014,4
62,d9b63bdad84959af04feaa873f9c0eaf,20 Charles St E,43.6691099,-79.38551,1
63,0ff8f31be644b9e2af6d38b89bf42c07,Niagara St / Tecumseth St,43.641389,-79.404444,6
64,01caf8b12874b091f2fccc3818e3c72e,424 Wellington St W,43.643834,-79.396649,9
65,bb30daddc7221e19cffecf3ac108f28c,Dundas St W / St. Patrick St,43.6545174,-79.3895315,1
66,f52bcef41a84669da7a468cfc4531356,Robert St / Bloor St W - SMART,43.665846,-79.404998,13
67,ccb82af3c137b126999a511eaead0f38,John St  / Mercer St - SMART,43.6461,-79.3895,4
68,05d7abba295be4af9e74ca3ec241ebd7,Queen St E / Hammersmith Ave,43.671349,-79.29451,1
69,973748f7f27229b41ca0d2a96dea777e,Queen St. E / Eastern Ave,43.667208,-79.312315,1
70,e5a7fc18db4989ecaf70a7e98866faee,Hubbard Blvd / Balsam Av,43.669328,-79.288949,2
71,c7cbc921ca5b8310e7218ca5669ad83f,Queen St. E / Spruce Hill Rd.,43.672571,-79.289,0
72,d1de2ddc0ea8a90d00ff717ad60a2f23,Lower Spadina Ave / Lake Shore Blvd W,43.638497,-79.39192,0
73,61291082be03c77f92f883b95292557a,Lower Coxwell Ave /  Lake Shore Blvd E,43.662771,-79.315223,8
74,d60491c58bb95d6ddefb1f1b1ac3f56f,Amelia St. / Sumach St.,43.66852,-79.363525,9
75,d81d4d6231b9da01ba7f3d6e50728ca8,Augusta Ave / Dundas St W,43.652473,-79.401456,2
76,d0a8478c786cb2480de4fcecda844781,Queen St W / Ossington Ave,43.643975,-79.419576,1
77,1053161189e46ea1c3122c94b644bc9d,Trinity St /Front St E,43.651318,-79.36023,10
78,02feaaef65cff4671fb1935179895659,Dundas St W / Yonge St,43.656094,-79.381484,7
79,b076c918fa10b274340bcdb0f0bca1a6,Kendal Ave / Spadina Rd,43.670318,-79.405181,4
80,45be3a2b4a327ff6abac542ddc406738,Davenport Rd / Bathurst St,43.676667,-79.416111,26
81,ad436e2a229c14d4611cbcacd7cf026f,Queen St W / Close Ave,43.640634,-79.435841,11
82,dc268bf6d12c7311db0b5b61b3304b03,King St W / Joe Shuster Way,43.639444,-79.423611,6
83,0abdfc3177000757dcd71bd4c8b479ee,Yarmouth Rd / Christie St,43.67,-79.42083333333333,11
84,37c32c09c594b83701b3b8f6e32db605,Palmerston Ave / Vermont Ave,43.671389,-79.416389,9
85,8536b57314846d3b42645c0023e6e60d,Christie St / Benson Ave (Wychwood Barns),43.68,-79.42500000000001,18
86,8db5b143b08ea1fed85f0702fcfe01ec,King St W / Fraser Ave,43.6394444,-79.42527777777778,14
87,879f0d4ef4403ab902e541528bf329f6,Macpherson Ave / Spadina Rd,43.675791,-79.40698,13
88,c497911a9c04bebbbc32e5211c081f85,Bridgman Ave / Kendal Ave,43.675556,-79.410278,3
89,2e19220f1e64559e88f3c48b3ebf2916,Bridgman Ave / Bathurst St,43.674444,-79.414722,10
90,afa3ff2218a5d1817934c7c7c7bb5d19,Kendal Ave / Bernard Ave,43.671513,-79.408317,8
91,ddba9c631e11fbae48e2be60289f60c2,Pretoria Ave / Broadview Ave,43.6783213,-79.35822,10
92,a7ca61373064c6581461132f1ae050de,Broadview Ave / Westwood Ave,43.6848652,-79.356602,17
93,62a1c39596c3d512dfa04f1d29b81035,Fulton Ave / Pape Ave,43.68395,-79.347046,15
94,b960be1eba97f5aefc6ad39ecc93cb11,Cosburn Ave / Donlands Ave,43.690537,-79.341307,14
95,908b17c0d06011373777bace0a3cd74c,Beltline Trail / Chaplin Cres.,43.704461,-79.423122,2
96,d2ce6ae839b7df2c912ab140253a5574,Lake Shore Blvd E / Leslie St,43.659195,-79.329196,8
97,1d35b8fd44d73aabbb39f6e142ee3e7e,King St E / Berkeley St,43.651885,-79.3649,2
98,72de8a8e0a0966768f8115d755532e4c,Rosedale Park (20 Scholfield Ave),43.682645,-79.377557,21
99,4c18c44e6f93e57321d327124945cb19,Mary McCormick Rec Centre (Sheridan Ave),43.6475,-79.43305555555555,8
100,65b3d69f8a07aec4897e485e2ccb1461,Soho St / Queen St W,43.6494896,-79.393535,3
101,071b427d1f3f600d6b9f35ca6576ebe2,Davenport Rd / Lansdowne Ave,43.671526,-79.44874,12
102,08b57a79795bbd49a15e4a3692ee924f,Front St W / University Ave (2),43.6452972,-79.3827914,4
103,fe806cf907683c67f4d2899eb4123f00,457 King St W,43.6452091,-79.3960744,7
104,dad51db43939490092b81d8cea72e018,Dufferin St / Sylvan Av (Dufferin Grove Park),43.6555556,-79.43361111111112,7
105,d1327be417a65e26c8bb501ea3e43a2b,Roxborough St W / Yonge St,43.678077,-79.390328,15
106,d06ed2c21f6ff4e4cbc77b64e65bd801,Crawford St / Queen St W,43.645665,-79.415345,7
107,97db697b7ef7a4de9ca17b9bd037e80f,Lisgar St / Dundas St W - SMART,43.6493472,-79.42668,0
108,789f216e52af17d73307365401bb9109,Dundas St E / Regent Park Blvd,43.660207,-79.361275,21
109,9c5b6e6af1002ebba73b6be3039e78a2,Lower Sherbourne St / The Esplanade,43.648655,-79.367061,15
110,ceb52586adc7097b47183068a3d24862,Nelson St / Duncan St,43.648711,-79.389728,14
111,4b5b510307e10e878321a5eaa419c976,Jimmie Simpson Park (Queen St E),43.6605603,-79.3437663,6
112,ed77bb45e5a6964a4b94c780d5c21584,Queen St E / Sackville St,43.6561111,-79.36138888888888,12
113,419d42f093b90ba03bd31b21039ff5f0,Mill St / Tannery Rd,43.652219,-79.354455,9
114,b3fca97a4a4308fefb648b6815e3907d,Cherry St / Distillery Ln,43.650279,-79.356832,9
115,17b0d8ca1c69eca14d3173c15fa144e4,Queen St W / Spadina Ave,43.649147,-79.395504,2
116,6e85452c2c8acbdaa8f298911d9996ec,Yonge St / Harbour St,43.643795,-79.375413,22
117,c4077147fd13aa009cb7f1a59b0f8178,Willcocks St / St. George St,43.662085,-79.397735,14
118,b894ec8d0d8ab0f3a9bf708ee4c90d14,Dundas St E / Parliament St,43.659575,-79.365769,6
119,771cba7a53aa4e47d29c790c9190ef40,51 Parliament St,43.65205,-79.362198,5
120,195c1a917f697ab4b4fb52431e921423,Queen's Park / Bloor St W,43.668456,-79.393899,11
121,e67960ae2a91a3adf6adf65a92dfd09f,Fort York Blvd / Bathurst St - SMART,43.639052,-79.399792,8
122,4b7f75302d4eec9130e1e486ba486571,Alma Ave / Gladstone Ave SMART,43.6448617,-79.42822,6
123,b457bbc38d074d5a3ea939b4d6e0d873,Queen St W / Cowan Ave,43.6409,-79.432837,4
124,1e01daecd9b52d95d82346c5c81d2ba0,Harbord St / Clinton St,43.660414,-79.415646,13
125,82051b9dc79b4b401acc0872abc734a9,Central Tech  (Harbord St),43.661975,-79.407896,6
126,4504736e6ccb393e9f89000f91479688,Roxton Rd / Harbord St,43.65905,-79.422988,5
127,b4e20439535ceebae999cba2f02789eb,Ulster St / Bathurst St,43.66,-79.4088888888889,8
128,09007b5f868cd54be0f040f9a9a75c42,Mortimer Ave / Coxwell Ave,43.690564,-79.326319,5
129,7f29cbdced0d217c129cc9648f1becbe,Danforth Ave / Barrington Ave,43.688325,-79.300463,11
130,722489dd6bf1f264c874454cf3f3f56a,Pacific Ave / Glenlake Ave,43.65716,-79.46478,20
131,b1bb117ee97b3fef3ac3b57ae12329f8,Broadview Subway Station,43.6772,-79.35858,4
132,524590c5d3e31674dbdbda29cf6a13c6,Church St  / Wood St,43.662712,-79.379903,4
133,135f69ed3bde48aaf1d0006b4f080149,College Park - Gerrard Entrance,43.658938,-79.383518,8
134,fe97ae335b31b6c455f340f397904d38,Danforth Ave / Coxwell Ave,43.683378,-79.322961,9
135,d8db167197846ff7cbe59c9a35aed587,12 Harbour St,43.6425636,-79.3762,14
136,391a459d2ca6e2c8eefa90736b2e9142,Howard Park Ave / Dundas St W - SMART,43.6521,-79.4486,5
137,97a0a3eefa88468c8389efa6bbbd2f50,Yonge St / Bloor St,43.669969,-79.386532,7
138,0ac5489c6a4750403c053598153880b0,Dufferin Gate - SMART,43.633473,-79.425679,5
139,0e89e5d6c910f6df787cd9c903ade959,Lake Shore Blvd W / Ontario Dr,43.630254,-79.420317,13
140,d0d6832dcab19b3cb35c2474d2e8c088,Bloor St W / Shaw St - SMART,43.662403,-79.423098,21
141,beb87ea54499f95a614653924c99b9c4,Concord Ave / Dewson St,43.656945,-79.424911,14
142,d8c6779ffdcc8889412fd4c9b0a08c35,Hocken Ave / Vaughan Rd,43.6817346,-79.4184725,11
143,fba4560a5641afdb69a97d04466ef788,St Clair Ave W / Bathurst St.,43.683296,-79.418734,17
144,a943462e1ee05f0073b647a5b787f81d,Queen St E / Nursewood Rd,43.673831,-79.281455,1
145,e3c4ef5e47b905992ebcd262cc3df594,Kewbeach Ave / Kenilworth Ave,43.666325,-79.3014,3
146,044fd938d016b91837e9b02be913b5c7,Lakeview Ave / Harrison St (Green P) – SMART,43.651145,-79.423742,0
147,c8cc2df4c8343778481f7f7c53499df7,Baldwin St / Spadina Ave - SMART,43.654905,-79.398448,5
148,db9bcdbd258af5174a3e6d725807957e,Frederick St / King St E,43.651118,-79.369411,22
149,2037c7d47c8b7babcd2c4a058a66a6c8,College St / Borden St,43.6571,-79.4056,3
150,73555343619c6b9d1253029204bbd5cd,Beverley  St / Dundas St W,43.652823,-79.393388,18
151,d4c9a3af6604468422edfb03f56462db,Bay St / St. Joseph St,43.665527,-79.387499,8
152,6e0b53806a9d068b042fa21bd67c5418,Gould St / Mutual St,43.6582,-79.3768,17
153,c6f56ec0831b791abbce0992adba6318,Riverdale Park North (Broadview Ave),43.671172,-79.354704,5
154,3b2853992a1700739c8fa569801e1c48,Danforth Ave / Ellerbeck St,43.677076,-79.35667,2
155,18f8c64419b95e0c4692621928ce7dd6,Pape Subway Station (Green P),43.680223,-79.344062,5
156,a9f7723da0cc432f4d057e3ceede292e,Danforth Ave / Gough Ave,43.678401,-79.346289,16
157,79b67fbfd130d41c9162e805a9e755be,Danforth Ave / Lamb Ave,43.681991,-79.329455,14
158,667cd54aa27ec06620753f3d19a78b3d,King St W / Stafford St,43.6422222,-79.41111111111111,14
159,37b46f2e5573e69f5451dc09c0c14660,Bathurst St / Lennox St,43.663808,-79.410491,10
160,8db545a0135f7b92022fbdbbc75af6c4,Bathurst Subway Station,43.6666667,-79.41166666666668,20
161,78ac4436b3398ac55b47569863af6c41,Bloor St W / Christie St,43.6638889,-79.41888888888889,15
162,6d45f03d18059ba5e61f0d44a0cea59d,Ossington Ave / Bloor St W,43.661705,-79.425734,7
163,cf1adac21d23e26855ea06278b5cd149,Essex St / Christie St - SMART,43.6686111,-79.42027777777778,9
164,3863dd61e00ea66710f789ae4297a2d2,Westmoreland Ave / Fernbank Ave,43.665327,-79.43235,13
165,46bdd4a2b7715a9e32917b830777f17f,Havelock St / Dufferin Park,43.657343,-79.43112,5
166,6ac9cdf0b92883715b404d41c779af0b,Bathurst St / Adelaide St W,43.645324,-79.40345,0
167,a0582ad73e21704a28197ee3c0aa4bcd,Mill St / Parliament St,43.650256,-79.36163,10
168,bc19a4e6924e29937e76c9e82b55584c,Ossington Ave / Harrison St,43.651111111111106,-79.4213888888889,1
169,71debce521f35fd4e280e8ee1e2dd8cc,80 Clinton St,43.656296,-79.414663,14
170,5dd14c8888280d1274f6ad3e04f6d6cd,Claremont St / Dundas St W,43.651281,-79.411717,9
171,d7bb48a755f69109f6584df0a207c9b2,Rusholme Park Cres / College St,43.65277778,-79.42972222,4
172,e53f168eadc3a7e3b9704193c739cb12,College St / Crawford St,43.655,-79.418889,3
173,a0a11d15c4bd8231d739f71d85a8f29c,Gerrard Square Mall (1010 Gerrard St E),43.668553,-79.338673,1
174,3e05658e4bcad33e9d606744235dadcc,Queen St E / Alton Av,43.663912,-79.327987,7
175,ab92855299769ca50b1354e489b31a31,Simcoe St / Wellington St W North,43.6462176,-79.3855048,3
176,20671fface2f37dd6d2d4263534c29e5,Coxwell Ave / Plains Rd,43.69595,-79.328535,8
177,67862da2d3680a6eaa417b8ce2d945d4,Carlaw Ave / Strathcona Ave,43.6753188,-79.3462789,15
178,fbf3bb78beefa587d54c8b24e2533469,Logan Ave / Bain Ave,43.6720273,-79.3470557,0
179,f42363acf4af847ca6fcdbe9b48c8290,Liberty St / Fraser Ave Green P,43.637981,-79.424146,2
180,3c85f738ad60e03252f1d62fec2f34d6,King St W / Douro St,43.640885,-79.416379,1
181,c7948cf5155f3ddaefa9a8279f203b5a,Queen St E / Berkeley St,43.6552778,-79.36583333333333,1
182,908d3c912d6d67c7a5e2bb94d1ae7df3,Howard St / Sherbourne St,43.6712581,-79.376367,11
183,13e6abf323682b291aadb3371ce32cc7,Carlton St / Parliament St,43.664524,-79.36793,22
184,e46a04a7825e44fa858bc0cb00a4458a,Sumach St / Carlton St (Riverdale Farm),43.665867,-79.362506,8
185,5db77b72334a7b8823a28662a03f8e38,King St W / Bay St (East Side),43.648575,-79.380042,13
186,c955acbcda8513471837f2aa55a98fb1,Front St W / Blue Jays Way,43.643473,-79.390477,3
187,6d07f3c1d79ff6816c5c04a7def6e6eb,Metro Hall Plaza,43.645859,-79.38783,5
188,832ed21684e41502666f993fae2eeb87,Parliament St / Gerrard St E,43.662132,-79.3656796,8
189,019e5937c3fc120cee906770bca8fa69,Navy Wharf Crt / Bremner Blvd,43.640722,-79.391051,3
190,3754aff9599513c7ba4e4649ea3818dd,Jarvis St / Carlton St,43.66207,-79.37617,4
191,e0ae749c309ee887012688bbd69c8b10,Lake Shore Blvd E / Knox Ave,43.660206,-79.3244,10
192,ee45e3b6a9f07f4581d82c06d9bd5f51,Hubbard Blvd. / Glen Manor Dr.,43.668633,-79.291162,1
193,af0a7227a67fe55fb0c12597326e6b3b,Yonge St / Dundonald St - SMART,43.665801,-79.384796,7
194,4f8770c2a0ee3962babd83913df2e99c,Bay St / Charles St W - SMART,43.668153,-79.38891,14
195,d70594ad9c923bbbae6602d2dff4d154,Church St / Dundas St E - SMART,43.657024,-79.377257,2
196,9a5a9a00b6f0cb77047f37e70887d891,Yonge St / Alexander St - SMART,43.662862,-79.383572,7
197,f0af815a9e6c12bd0382843e03fd322f,Eglinton Ave W / Henning Ave SMART,43.7063473,-79.40161,19
198,b3786025b3e4a46d9a21d6b82087cd12,Balliol St / Yonge St  SMART,43.6978701,-79.39419,32
199,44bdbe8a2ac75fbe4cc0edf41fe1d4fa,Frobisher Ave / Lascelles Blvd,43.696708,-79.40045,18
200,ba979c39b60f1144fc9dd91faaeeea64,Front St E / Scott St,43.6476616,-79.37549,1
201,eb9f4cf130feebf9af0dc0225411eb98,Frederick St / The Esplanade,43.6487245,-79.36839,2
202,52d497af695140c759b28d7bf63e94f4,King St W / Bay St (West Side),43.64852,-79.380576,28
203,ee2e9277d3e8a86acbfdda0e395d1378,Elizabeth St / Edward St (Bus Terminal),43.656026,-79.385327,12
204,90d36d6e81fff926a434e196e0a43d53,King St W / Spadina Ave,43.645323,-79.395003,12
205,14d5d7e0f5a8e23c9b50f62ea39f725c,Glen Edyth Dr / Davenport Rd,43.677778,-79.405556,14
206,3bfbe7d9edced07da6dd283495fb8170,Queens Quay / Yonge St,43.641646,-79.375308,10
207,58c0d439a59414e5e23bf5021e264d79,Front St W / Bay St (North Side),43.646162,-79.378912,1
208,f36d8ed5ff407fc4eab6c9cc344661f9,Danforth Ave / Westlake Ave,43.687323,-79.304848,8
209,15fc89637ebe1c3e63fbe123d70819ee,Jarvis St / Isabella St,43.668991,-79.379385,13
210,ef0363fb67db85c62cfe83b7032ade5b,Yonge St / Wood St,43.6622222,-79.3825,8
211,9fcbcd2e313ddf16bc7200bede80e9a6,King St W / Tecumseth St,43.64333333333333,-79.40555555555557,1
212,f5506a406fb49a19088bedd1d8e9cd2f,Beverley St / College St,43.6575,-79.39527777777778,14
213,fc62f74abe3d79fa430f55f6f56e5e3a,Gould St / Yonge St (TMU),43.657424,-79.381019,7
214,4b13a471170e0768fe5e1ca0b30fde8d,Front St W / Bay St (South Side),43.64595,-79.378761,12
215,5e8bf46c90fa957882beddfb6625870b,Charles St W / Balmuto St - SMART,43.668427,-79.38725,16
216,3ba9b248dbb5b0ffa30ec9807f14476c,Charles St E / Jarvis St - SMART,43.669604,-79.381171,8
217,0690f86b4ecb172570d8e08b5f9004c3,Queen St E / Pape Ave - SMART,43.661673,-79.337789,5
218,9796c16b7ac90260d9f033ba4735acea,Gerrard St E / Broadview Ave  - SMART,43.665656,-79.352055,3
219,abbcc3b45ad10472c3ec35ce3fb6e078,Humber Bay Shores Park East,43.6308933,-79.4722622,0
220,ec48a65298b460584afe2586c15c360c,Humber Bay Shores Park West,43.6224434,-79.480284,5
221,21982c325ac8d5dcc146b350aa0e8298,Taddle Creek Park,43.66986,-79.398443,14
222,82748c8c8a714dd216bcd4c636585556,Thompson St / Broadview Ave - SMART,43.659471,-79.350325,2
223,16658c808dda522274b99346e8f815fb,Roncesvalles Ave / Marmaduke St,43.650492,-79.450842,14
224,4d985c0489e4b123e499fcaa4b70e32e,Queen St W  /  Fuller Ave - SMART,43.640255,-79.439223,5
225,2567d3e27e558c6e6ee94c289c838111,King St W / Cowan Ave - SMART,43.637922,-79.431734,12
226,760056e88951946d2f3e9bea859333eb,Garden Ave / Roncesvalles Ave,43.643769,-79.447915,2
227,c08362564d4889e345bfaaa42da5fb4f,Sorauren Ave / Geoffrey St - SMART,43.649172,-79.4445087,11
228,c1375239981cfc9b3934e691cb9013bb,Bloor St W / Manning Ave - SMART,43.663912,-79.416124,17
229,dcbcf9c681fbd3e77dfbea6df0e070bc,Simcoe St / Wellington St W South,43.6458569,-79.3853654,14
230,29f79e7d7e4440c7554a3f3e3bae4f88,Mallon Ave / Jones Ave -SMART,43.66587,-79.33443,3
231,8d65a48806e799a8c2d5dcb77e97c1cb,Berkeley St / Dundas St E - SMART,43.658816,-79.367318,9
232,53fc6d540a0eac8fb9f5366572e53515,128 Sterling Rd - SMART,43.654004,-79.444792,11
233,049156f7c0e19a53a77d8310d93eed0c,Sunnyside Ave / The Queensway - SMART,43.6397,-79.44865,10
234,adaa360374ea04ae057eba2ca7ba3e5b,Sackville St / Eastern Ave - SMART,43.653809,-79.3595,2
235,8485289697ef258129b2437308511fcb,Davenport Rd / McAlpine St - SMART,43.673768,-79.391253,9
236,fb0ff514e9bb7798f0a682f36f644b05,Sumach St  / Queen St E,43.656638,-79.358749,17
237,4898d236bceda7c4cb9430c896669537,Blythwood Rd / Yonge St - SMART,43.716652,-79.399993,11
238,c835abf1540e63c50d5a879e5075387e,Gerrard St E / Main St,43.684261,-79.299332,10
239,32b476b39dacc23dda545c39ffb549cc,Southwood Dr / Kingston Rd - SMART,43.678685,-79.297974,7
240,de5dcf1ee9ccff065e01b4516b46f190,Neil McLellan Park,43.65143,-79.47779,6
241,8aa5c061e4ae37e2e05b05d04afadc2e,Jane St / Bloor St W (Jane Subway Station),43.64976,-79.48477,0
242,5f6ec96dda864a01fdf0c031b6a1b6d0,Antler St / Campbell Ave - SMART,43.664182,-79.449066,12
243,4a5734eee8c1c49197ffe9b992dd032a,Clarence Square,43.64407,-79.3929,7
244,ad299c229e85bba5b84af14933cfac77,Lake Shore Blvd W / Louisa St,43.61868,-79.48674,8
245,41466727730d71a0286376ef3675d282,Front St W / Simcoe St,43.6442,-79.38702,12
246,213541646a587196b1acb812a3d0a8ad,Lower Simcoe St / Bremner Blvd,43.64283,-79.38409,13
247,1a68bd75d5159c7cc33367b97ee8ab8e,Glendonwynne Rd / Bloor St W,43.65182,-79.47421,17
248,1dd10befe3fa0d7d7ebc657b9a01942b,Russell Hill Rd / St Clair Ave W,43.685569,-79.408019,15
249,41ead9c9a4a83459161794bfb1894c07,Church St / Lombard St,43.651678,-79.375233,1
250,888212c5d33ceed5acbab77b4e544689,Richmond St E / Yonge St,43.651838,-79.378743,14
251,189995604737e19f1b76cd3a3ff3aff9,Queen's Park Cres W / Hoskin Ave,43.665221,-79.394009,21
252,fe268f3f2f439d0016dc46605491078e,Pottery Rd / Lower Don River Trail,43.688148,-79.362101,4
253,70ad303e74f93aa2bfaea256b9b09753,Bleecker St / St James Ave,43.669232,-79.374495,10
254,a7cdbedefded6e117505bde22c24ef84,Western Battery Rd / Pirandello St,43.640075,-79.414156,16
255,fbcb8f44813b5f7eba282691176d9249,Carlaw Ave / Danforth Ave,43.678285,-79.347346,5
256,280ce4cfc4b101f3a8a08843e4a258d6,Cosburn Ave / Cedarvale Ave,43.697139,-79.31469,13
257,9d4f1f5d63ed3e297fc737908616f617,Goodwood Park Crt / Dentonia Park,43.694826,-79.295208,2
258,0729b25bcf663b7a2278f01d63b50fcf,Eastwood Rd / Coxwell Ave,43.673118,-79.318651,0
259,27e30ff4939a3992db39e99af9dfe172,Trent Ave / Danforth Ave,43.689293,-79.295895,21
260,675628c054189e3bce23785d6574a24d,Orchard Park,43.66908,-79.3149,0
261,32915794131e41a355ebee1ab9ad78fb,Clendenan Ave / Rowland St - SMART,43.66073,-79.47149,3
262,2af03519040730b7df9ecaea677a1bdb,Martin Goodman Trail / Remembrance Dr,43.63121,-79.41414,6
263,738cf12a45b36f443d7585aa9d55e3a9,Concord Ave / Bloor St W,43.66189,-79.42679,8
264,1f5bb4fff3139fff3f927f1a4980dc1e,Gothic Ave / Quebec Ave,43.65389,-79.4675,13
265,80b72e233168f3583180edfe5ec6fd01,Via Italia / Mackay Ave,43.676697,-79.445029,11
266,3df6faa6bc73f93a672aa3e3004434f0,Rushton Rd / St Clair Ave W,43.68114,-79.4277,7
267,8ab6f991fa3032ee2a20b1d34d50be01,Dundas St E / Boulton Ave - SMART,43.663148,-79.347938,4
268,236729e04a979069b035a3070e608f6e,Gerrard St E / Leslie St,43.669813,-79.3335,1
269,2800c972b83e435cecefcdb95078e435,Marilyn Bell Park Tennis Court,43.633537,-79.437461,22
270,2c32c6a2dbfb666ee51150ce15e1b9a5,The Queensway at South Kingsway,43.63632,-79.47307,13
271,9fa8f250a5b887af9cda8df6931f2eca,Merton St / Mount Pleasant Rd,43.697819,-79.38786,20
272,c9395d274aa197587eb89f34e68e262a,Tyndall Ave / King St W - SMART,43.638426,-79.429142,14
273,a3eb9012fe995bffeef3b7d02cfffbd1,College Park - Yonge St Entrance,43.65988,-79.38279,14
274,7c6f64117f740f5dc9114ebfb26a6247,Barton Ave / Howland Ave - SMART,43.66842,-79.410585,16
275,d1bac3c8125c67909fa2e4a3cdf6b409,Keele St / Annette St,43.66402,-79.46418,9
276,e7384509a60160b8e84403a3247255a5,Keele St / Vine Ave,43.66686,-79.46526,0
277,56ff366ef56862dc34e4df414568d4b0,Howard St / Rose Ave,43.671278,-79.372127,15
278,940aa4a33247df5ea989d1b07e125e5d,Little Norway Park,43.635023,-79.399505,16
279,26edc0f88e4e012ab0d9930c725d5fba,Isabella St / Church St,43.66834,-79.38235,16
280,21cff63a550f456e30a23efb4d8c3caf,University Ave / Armoury St,43.65263,-79.38766,11
281,ef9dfe14fccf2237630ed9002c48fc3b,Lascelles Blvd / Eglinton Ave W,43.70547,-79.40355,16
282,93727b82ed700768aa9695d49140f6b3,Polson Pier,43.641675,-79.354006,13
283,f84773b4dcedcaea20de2c7e324d8c90,Dentonia Park,43.694341,-79.291416,15
284,3d13e32b7336dbe2c6b2190df3ba8600,Lower Jarvis St / Queens Quay E,43.64422,-79.36927,1
285,009f180cf35ae1285733d98ccf058313,Summerhill Ave / Maclennan Ave,43.685924,-79.376304,8
286,c452eea1e95d474e6f1b7ea545e79d1b,Queens Quay E / Lower Sherbourne St,43.645215,-79.364898,1
287,1fe6812cc638f0e5080113daa9a7d77a,Wright Ave / Sorauren Ave - SMART,43.646677,-79.442741,3
288,b4462a2daef20c76a3ff7c53326f10e4,Ellis Ave / The Queensway,43.63855,-79.46693,9
289,1e83030210b6666f3fe29bade92f1181,High Park - Grenadier Cafe,43.645599,-79.4657123,2
290,c102428e69ec84dd803fd2f51b8cfc83,Winona Dr / Davenport Rd,43.674923,-79.430465,9
291,68185cf4a510f34c7dd396bb2fb7549a,Danforth Ave / Aldridge Ave,43.684758,-79.316767,8
292,deb6cce4318ac072f72c4988efd9dbdf,Dundonald St / Church St,43.66663,-79.38148,16
293,7f15a95a0104437a73d574be76cb4158,Gerrard St E / Malvern Ave - SMART,43.685221,-79.294766,7
294,263344f0b04caa421826eceaadd15697,Bathurst St/Queens Quay(Billy Bishop Airport),43.635492,-79.398253,24
295,624be8411d63932754479f0b710eaa97,Queens Quay W / Lower Simcoe St,43.63951,-79.383717,10
296,082fdb9cce172f916dde26cc3a543b69,Bremner Blvd / Rees St,43.641529,-79.386741,21
297,26c9984a5ec1ea1e7edb7fafa8d1e6f7,King St W / Crawford St,43.6417852,-79.4131148,20
298,d52672d5cddbb77befa3d5d448fc2534,Yonge St / Dundas Sq,43.655766,-79.3802,6
299,735f71a11ab473f25860d7366582a5fa,St Clair Ave W / Winona Dr,43.680466,-79.432522,7
300,6f5d2f1ea5a0702ceb169480117ac9fd,Bay St / Wellesley St W,43.664088,-79.387095,33
301,9c5267129912b44d3d8c91094256f1e2,Humberside Grounds - SMART,43.65917,-79.46997,11
302,22cedcbf1b4580a7995f4e15843bd2ef,Bloor St E / Huntley St - SMART,43.671535,-79.379173,15
303,ed02403ba3e67b969a9d5e10742b7d5b,Wellington St W / York St,43.646734,-79.38301,14
304,aeeb1fa2ea65f1492a523f0477de71d7,Dalton Rd / Bloor St W,43.6662942,-79.4066433,15
305,a249bee44425dc2b5c2f384a00a59f33,Davenport Rd / Christie St,43.675278,-79.423889,22
306,24de23035684fccb1f588c7161489075,King St W / Jordan St,43.648928,-79.378623,2
307,f622ddb7efda3e9074e12ac16bc7fdd7,George St / King St E,43.6509552,-79.3707,3
308,aa101867125c9cc13920e34d881f86b2,E.T. Seton Park (Eglinton Ave E / Leslie St),43.715951,-79.351246,22
309,6cdafdc1db0f73b22c3fd462fd984805,Woodbine Ave / Lake Shore Blvd E,43.665645,-79.304711,4
310,1d827726987d707bbcd5562e02416b0e,King St W / Charlotte St,43.645572,-79.39399,12
311,08d867cbed5f08addb01b714700eacf7,Jarvis St / Richmond St E,43.652777,-79.372637,12
312,2d9b09d13ca6695d876ff08853469a24,Symington Ave / Dupont St,43.665538,-79.451263,12
313,c9624aaf955b7fb236dcf2c8443c8fe9,King St E / Jarvis St,43.650325,-79.372287,13
314,2d1d89a437dbc32634ba928744831860,Bay St / Bloor St W (East Side),43.66943,-79.38915,12
315,179e575503c062aa31a47c6f67d492da,Bay St / Bloor St W (West Side),43.669244,-79.3894,5
316,ffc954e6f4228f59169c040483ebcc3a,Wells Hill Ave / St Clair Ave W,43.683351,-79.41562,13
317,41b880ed1fe29761e25d4e3a492b563d,Dundas St E / George St,43.6574766,-79.373446,19
318,c209afb99ac56fcd8f423e9365621ee7,Fleet St / Bathurst St,43.636611,-79.400042,0
319,7f5ae543870ee8917aaa5022234c5e0b,Tecumseth St / Queen St W - SMART,43.646552,-79.406468,0
320,045a7a6b973238dc76bc058e4f33f143,Wellington St W / Bay St,43.647259,-79.379878,15
321,d00c14c6cffc4b0fb30239ec2410232c,Briar Hill Ave / Yonge St - SMART,43.713524,-79.400162,14
322,9c2e322a9d2bd1035e3f607f96152a98,King St E / Church St,43.65003919999999,-79.3733541,0
323,0f4f8c9f5e6417a981fe793e43984158,Bay St / Albert St,43.653264,-79.382458,27
324,03cb067499bb9bc86cf0c884edb403bc,Wellesley St W / Queen's Park Cres,43.663376,-79.392125,18
325,1630e350724cc062ba0e77e103728eac,Bay St / College St (East Side),43.660439,-79.385525,12
326,76ff77a0c8d2de7ff02ab1ce2b719e22,University Ave / College St (West),43.659226,-79.390213,11
327,2f10b834460965288d419163586f3f89,University Ave / College St (East),43.65995,-79.38964,8
328,8402cda81d70fbc893e5337366df8d58,Queen's Park Cres E / Grosvenor St - SMART,43.661803,-79.389682,8
329,d54842ca6cc3a96c8ebbd4101c620e66,Bay St / College St (West Side) - SMART,43.660087,-79.385655,11
330,1ac23b3d20ad003acf2f9b1f8a2f2f0b,Superior Ave / Lake Shore Blvd W,43.6146692,-79.4873148,6
331,b24ec0083f9a6261ba6212d69cd28f2c,Humber Bay Shores Park / Marine Parade Dr,43.626265,-79.476723,2
332,50d8ed93a01d05c04298300fe52b5ac7,Lake Shore Blvd W / Colborne Lodge Dr,43.63771,-79.458173,13
333,f897c08ea341fc832b7ca756cb0982ae,Ripley Ave / Ormskirk Ave,43.6390437,-79.4760109,19
334,0ebd7e4e7c35126cda830c1c67bb3241,St Clarens Ave / Shirley St,43.6486599,-79.4376413,3
335,b8cb26c3827d563e60826e8d8ddb8865,Lisgar Park,43.6423847,-79.4240277,21
336,f926e2b4fe4ff841a24b2ac4962e62bd,Bartlett Parkette,43.6702236,-79.4360232,11
337,791f66f190e1848c7eeeaf8b937e304f,Sherbourne St N / Elm Ave,43.6752732,-79.3778458,19
338,068f5330e49bd7236864c7cbf904813f,Walnut Ave / Queen St W,43.645469,-79.411084,8
339,36c244827ed3bd3ee314ab1d2781db2a,Vaughan Rd /Wychwood Ave,43.6882821,-79.4253856,18
340,91b75f5884eca61cded2a3da80a6dc2b,Palmerston Ave / Dundas St W,43.651603,-79.408346,16
341,e6151e077a7d8141f6ae96e6223d12e9,541 Huron St - SMART,43.670206,-79.402643,18
342,03b565f085260e768988cd216fbeeef4,Euclid Ave / Herrick St - SMART,43.661559,-79.413845,13
343,34a94fc072487f4615b041d2b7a6c659,Baldwin St / Henry St,43.6560758,-79.393259,4
344,2b2e280f715656fb630b59ec9a6d1e0c,Orde St / McCaul St,43.6580442,-79.3927404,13
345,026bf7c2104a659ef0392f1c22bc6e17,Ross St / Cecil St - SMART,43.6568254,-79.3966159,14
346,b7461d8effda846e2f78dfbee059c433,Lake Shore Blvd W / Thirty Ninth Street,43.5927419,-79.54033009999999,2
347,f1bad47f1bca16159267c0ad3e50fb1a,Lake Shore Blvd W / Twenty Fourth St,43.597082,-79.522768,11
348,4d9f7ef78ba9859e04d259c1567d1d61,Windsor St / Newcastle St,43.6171635,-79.4971065,26
349,1d5a56319adf364532940f86be71ce4b,Royal York Rd / Mimico Ave,43.612063,-79.496573,12
350,0deaf45500eb93eeacff86adaafeb180,Berry Rd / Bell Manor Dr,43.63732,-79.489083,10
351,4e5712234feb60f46fff461ab136e147,Humber College,43.5961692,-79.5160575,26
352,8b49ce875b451df6dbe4fb4667acb3bd,Amos Waites Park,43.613606,-79.4883535,23
353,d9d0c97c8f65e3fb4ebcd464a11f5522,Priscilla  Ave / Dundas St W,43.664665,-79.489385,13
354,27b5be1cbbce21764b224e820c7f888c,Durie St / Dundas St W,43.665523,-79.484892,8
355,600672c7f313e01de8bab00cbee9e7f4,St Clair Ave W / Castleton Ave,43.668496,-79.485426,5
356,50dc0fcbc5a62a2cc676ada21ede905c,Weston Lions Park,43.698841,-79.519472,21
357,6d6c301acbd12264042475dfd0e0e1e3,Annette St / Jane St,43.658574,-79.487246,6
358,1e5bc0c0a2797265956ee948d6dcd49d,Jameson Ave / Queen St W,43.63985,-79.43703,10
359,e933ad7ff4aae2c390d9f79c1043d657,Carlaw Ave / Dundas St E,43.665076,-79.341509,5
360,c1704a7eebf0bff8016166d14fe130bd,Toronto Inukshuk Park,43.6323994,-79.40978179999999,8
361,5bed66406f7431f8d4d8542d107225ea,Cosburn Ave / Durant Ave,43.6935477,-79.3301658,8
362,124ed44b13876f8019e356d76ba645ee,Swansea Community Centre,43.6438036,-79.4770327,11
363,12481528bb8d296c8bc4014306f36afd,Bellwoods Ave / Treford Pl - SMART,43.65246,-79.413528,11
364,5282337e262f025cee74afaf2659b223,Bayview Ave / Lawren Harris Square,43.6548521,-79.35397680000001,9
365,125e730a6da5714af8567ae352485337,The Queensway / High St,43.630874,-79.482407,6
366,0b153cb4fe7873b109e3068cf99dbf74,Symington Ave / Davenport Rd,43.6704403,-79.45328549999999,3
367,fb3867774f8ac943a838fb13a41bd1b6,Front St E / Bayview Avenue,43.6535,-79.354068,15
368,8c4531a1d91e5583aff9759a5aedb46d,Oak St / Sumach St,43.6617908,-79.361515,22
369,52028e6990a88dcf0aacffe1fbd5bf92,The Esplanade / Hahn Pl,43.649709,-79.364184,7
370,4bb6659976fc4aaf5a141c488a405a00,439 Sherbourne St,43.666051,-79.374161,23
371,f04359bb2878aa6d672474276e5017e4,Glebe Rd W / Yonge St,43.7005976,-79.397345,17
372,9447917367c25ac832d404c1a4696615,Hillsdale Ave W / Yonge St,43.7029672,-79.3979073,13
373,0b85c7861c4c48a4cd4fe140c913da57,Alvin Ave / St Clair Ave E,43.68871,-79.39264,19
374,f0ef11b3bf1f1a2ab5d7a556fde038f6,Eglinton Ave W / Scarlett Rd,43.6834703,-79.5108942,16
375,e228eced48bdb1f81b6b38456fdcad39,The Pond Rd / Sentinel Rd,43.7696262,-79.5025943,23
376,71bf1ff10731929ec44b9dcce72edba6,Sentinel Rd / Finch Corridor Trail,43.7641485,-79.5012809,25
377,6a4d3e7625cc41d49674986b994fc5e1,Finch West Subway Station,43.76521,-79.491281,19
378,bf413030081fe6f86c21b6412f4e4e1a,Dufferin St / Finch Corridor Trail,43.7724019,-79.4675395,13
379,cfcbfa258711beff217aa9d929a3a3ea,G Ross Lord Park,43.7781116,-79.467963,14
380,7a86196b811f1b13212052f5cd37e692,Elwood Blvd / Avenue Rd,43.707049,-79.40966,22
381,2c429e9e841e213f875d2116cfab30e9,Roehampton Ave / Bayview Ave,43.711751,-79.378615,21
382,482006b8f83e7802372448cd4dbd463d,Teddington Park Ave,43.732975,-79.40401,14
383,b3ac9ac4dba9aff36e24ba60b6171308,Ursula Franklin St / Huron St - SMART,43.660274,-79.398049,18
384,7978548b201c5c5ab2421bc2906bc446,Woodbine Ave / O'Connor Dr,43.699281,-79.318802,18
385,65aefd1c1484ebd15a7827285971734e,Dawes Rd / Taylor Creek Trl,43.696631,-79.297436,7
386,14971ec1c8aa07165b67710a2afb84c2,Queen St W / John St,43.650077,-79.391291,12
387,812af6af42e905fac0cafcf05146f3ba,Fairmount Park,43.6765897,-79.3163022,10
388,165388972f43146138b4f5180eead75a,Richmond St W / York St,43.650745,-79.383633,7
389,3b0ffacf6f626924fb61b0d6d578561a,Sunnybrook Park,43.720233,-79.362092,20
390,3dccd3e0582902632ace3ada9481abb0,Vaughan Rd / Oakwood Ave,43.6926825,-79.441042,7
391,cca065ea85fe108c99c68759adf859ee,Braemar Ave / Eglinton Ave W,43.7041957,-79.4094472,13
392,78a43fc13829a61f8db0c57c96572266,Eglinton Ave E / Redpath Ave,43.7078691,-79.39248,12
393,e4d76b13daa3859403326b474684159d,Marie Curtis Park,43.5880774,-79.5432067,6
394,4a491c94c9b46d3b7927b72a3bad0ab6,Guildwood GO Station (South),43.754978,-79.1971289,8
395,0c49d15e80cceca5feb5a2bc84ddc2f5,Chorley Park - SMART,43.6856,-79.3718,19
396,937a6d6b325ab59d5e0047f4b8eeb0ac,Cherry Beach,43.637764,-79.345359,32
397,30c56fdec4d36ab0124297d6f0101490,Spadina Ave / Harbord St - SMART,43.6629228,-79.4018451,16
398,4a1203492305451d3154777c392532f3,Ursula Franklin St / St. George St - SMART,43.660296,-79.397107,12
399,07c0bbd2b5c108bacb3a32250af2a076,Rouge Hill GO Station,43.7805505,-79.1301203,23
400,a70fe5dd2fa91d6c13d66b5415e9740e,Colonel Danforth Park,43.7777114,-79.1659711,12
401,254006acb0d0299f535d3723f656ae67,Morningside Park (Highland Creek Trail),43.779353,-79.193023,17
402,93699b431ac46c9e98b3b1c74cda8e95,Livingston Rd / Guildwood Pkwy,43.747854,-79.199327,4
403,a3860ef7a1996bfe83863f7086adb77b,Livingston Rd (Highland Creek Trail),43.7561681,-79.2026694,13
404,8bd81a9fcb43f04a9b8f80996312e61e,Twelfth St / Thirteenth St,43.6002896,-79.5108692,0
405,ae8f902126cc9ad8f145c66ac996501b,Florence Gell Park,43.6615467,-79.498398,6
406,c5db2e6382e20bec3e404aaf7ea89ccb,Wallace Ave / Pauline Ave,43.6632257,-79.4397052,12
407,d747893c66003f215b8502161eb40f5e,Kingston Rd / Beech Ave,43.680095,-79.291714,8
408,0153756b9e136b96e730aaa2f048227f,Victoria Park Ave / Danforth Ave,43.691468,-79.288619,9
409,ded51d399ed59c94c0a464202fc09fe0,Union Station,43.645609,-79.380386,15
410,b5012608da25a66be2fe79465186ff62,Hayter St / La Plante Ave,43.6591666666667,-79.3855555555556,21
411,033dd75f330fec10400341177c68036e,Seaton St / Dundas St E - SMART,43.658777,-79.369596,20
412,080c6cc1f827d976fd75f9ccf53db95c,Lundy Ave / Étienne Brûlé Park,43.6625395,-79.5030161,12
413,5f02574f10f8ec2871df512546cf6f65,Chiltern Hill Rd / Eglinton Ave W,43.7004017,-79.4275305,9
414,3e8872d5357f08ebd702863ab04e913e,Torresdale Ave / Antibes Dr,43.77953,-79.45233,2
415,126121fbcccd20a50c8bd94206c7d81b,Esther Shiner Stadium,43.7774374,-79.4447096,8
416,a2e02c044b1d003adb0993f8da78ee58,St. George St / Hoskin Ave,43.6637403,-79.39806449999999,10
417,70222e00b684e247dd3f982cfb268e2e,Fleming Cres / Bayview Ave,43.707045,-79.375437,4
418,af8ef901117705bf69e591e81d28a15f,King St E / Victoria St,43.6495789,-79.3762096,5
419,9ee0fa9e2c3afc338a74a6b49af02e41,Alameda Ave / Vaughan Rd - SMART,43.690903,-79.4375028,10
420,bcf5ea04f184984e5cbd8571527636ff,Adelaide St W / Strachan Ave,43.643253094827294,-79.41230469904167,1
421,9c10c5f861261da626f9707ada4e8e04,Royal York Rd / Lake Shore Blvd W,43.6029904,-79.4926867,15
422,48a626ef3a6cfbbccdaea283ce5901c6,Runnymede Rd / Annette St,43.6596299,-79.4799176,2
423,57f2fc67a917b973ca7f31a994e0c63a,Salem Ave / Bloor St W,43.6608333,-79.43166666666667,8
424,8ef3bc5ab6805d2c5411023f4318d778,Dufferin St / Bloor St W,43.66083333333333,-79.43583333333333,11
425,407c8fc47ef8f822af020375a4f7dc79,Davisville Ave / Pailton Cres,43.69933,-79.39199,12
426,3afcafcea065abef8dd2beafcb78c7bd,High Park Ave / Dundas St W,43.6653032,-79.4701178,9
427,e6588e3838b256ab32f9b7db54be5a66,Judson St / Royal York Rd,43.6162721,-79.4990363,17
428,b29cba584424066f83f374b2c3fe1780,Wilket Creek Park,43.720645,-79.355474,22
429,87722dd793400f7a61a96a59b9133e4f,Annette St / Dundas St W,43.6641174,-79.4588522,7
430,d6d49f7d4ddb2cd466938a1b424c1412,Noble St / Queen St W,43.6424558,-79.4296346,11
431,51987cd2ab0d05eeb2f79bcb596e348b,Oriole Pkwy / Kilbarry Rd,43.6954486,-79.4026176,19
432,b20ef84c05107095581cdd50b2bb4a2c,East Lynn Ave / Danforth Ave,43.6850809,-79.3149901,10
433,c4a01864ecb66e9b1ee3023d3205a281,Langford Ave / Danforth Ave - SMART,43.6800218,-79.3405681,11
434,3c7236f4a281b569b57f40c0bf29c4ca,University of Toronto Scarborough,43.7842419,-79.1849889,15
435,df0ee6e75eb32441818a11d990fa844a,190 Queens Quay E,43.6451308,-79.36536439999999,2
436,85057ad3c01264f6156b498b79127be3,324 Cherry St,43.6482995,-79.3552533,16
437,9703f67f16a349591949e76da3714b61,Elm St/ University Ave (East Side),43.65637299999999,-79.38781039999999,9
438,7dca1895f7959f80ebcfda3226669c97,Walton St / Elizabeth St - SMART,43.657838,-79.38631,18
439,b1685246ce6cfe5b9d621a1991c3cedb,Waterfront Trail (Rouge Hill),43.778015,-79.131911,14
440,c0538b0581a59e1e7321a382b5ab17ab,St Clair Ave W / Gunns Rd,43.672079,-79.470171,20
441,052763ac927bce9197aa6381f508576f,Pape Ave / Gamble Ave,43.690237,-79.350119,4
442,0faf9e7c7d5403b8f7dc7574fa6d0c6e,Roehampton Ave / Mount Pleasant Rd,43.70942,-79.39139,9
443,f3aa2a6bb24e5012b030c6810cf39964,Church St / Bloor St E,43.671389,-79.382919,12
444,6fcf6974fe1a08b20ab7f70d70da6cb0,200 Bloor St E,43.671561,-79.38117,21
445,9aa46dbe18122201a50183e5602a7c9e,Bloor St W / Balmuto St,43.669903,-79.387802,9
446,fb2618cee3456166ccc52c3ceeae13c6,Moore Park,43.693256,-79.383238,13
447,e473bffc39f79fdd42e27583ccbe0709,Bloor St W / Pacific Ave,43.65412449999999,-79.4636388,6
448,3d71c9ff5bcbaad794a49115e11786e3,Danforth Ave / Dewhurst Blvd,43.680207,-79.339243,11
449,fea3f9dfbcc18225728f10913c5d3d5b,Bloor St W / Brock Ave,43.6589882,-79.438715,8
450,f3a880cb5277285662d2d68f5523488d,Davenport Rd / Dovercourt Rd - SMART,43.6741219,-79.4352208,7
451,844d02b2b7dfdabf7bd044c3edf050d5,1 Market St - SMART,43.6469928,-79.3706665,3
452,3d38244751d3c44617f0066466a3bc7d,Brick Works,43.683884,-79.36647,6
453,ff06d212a977a2d3ebb441f4b690b852,University Ave / Gerrard St W (WEST) - SMART,43.6578449,-79.3899265,15
454,2b4c28b78247a24037bcff2ad8fcc605,University Ave / King St W - SMART,43.6477785,-79.3847928,1
455,9d7e8386839f9d834777d1cf0a8482c1,Amroth Ave / Danforth Ave,43.6856128,-79.31168269999999,16
456,10722d0c5054c529a0d71f9eb2c89f92,Summerhill Subway Station,43.681944,-79.390556,9
457,aec7195bb028b992ab8536f51c7d37f8,Niagara St / Richmond St W,43.64534,-79.409597,5
458,b1c628d5509021c582f104bc3089e514,Beaty Ave / Queen St W,43.6393107,-79.4408141,5
459,f889b35bb8077eaa77f35bed4d524e89,Blantyre Park,43.68306889999999,-79.279682,18
460,7e8db6cca9980f9b6daf293197f25fc4,Queen St E / Rushbrooke Ave,43.6626628,-79.3323698,1
461,34ec939e3772ab6f8f9be4ae0c98f3a2,Donlands Subway Station,43.681114,-79.3373885,13
462,1cc9575bb686fa4a3eb7f4afbdea5073,Lynn Williams St / East Liberty St - SMART,43.638925,-79.4168659,4
463,cf43a77e34066db8b926a42b49814963,Eastwood Rd / Woodbine Ave - SMART,43.676216,-79.309395,3
464,cba34e4c09c97a6336b871002f6ffb41,Victoria St / Queen St E,43.652822,-79.378208,10
465,48f8a355073b35f8720761c96f77d86b,285 Victoria St,43.656633,-79.379625,13
466,c147f315755b1b1e79467fab3aaf3cb4,Gerrard St E / Victoria Park Ave - SMART,43.686962,-79.286864,8
467,199a939521be6324c802d8d50ebeb4a8,Kilgour Rd / Rumsey Rd,43.718039,-79.371914,12
468,04cadbe0f9b27f89f5fa6f6dbdea0883,Bay St / Scollard St,43.672152,-79.39018,10
469,be90e51f9b29e31ae1d40a8dea028dcf,Weston Rd / St Clair Ave W - SMART,43.673019,-79.467994,2
470,4704fb679220b3879edfa3a853d55fbd,Sunnybrook Health Centre - L Wing,43.72268,-79.37644,7
471,8e40f60a48a909297b4114be18956d5c,Dundas St W / St Helen's Ave - SMART,43.6504218,-79.4407647,18
472,2ad52acd0c231c654b488e03060224f2,Yonge St / St Clair Ave,43.68850459999999,-79.3940052,18
473,1a0670e4e55fe4259c105c6803651334,Spadina Ave / Blue Jays Way,43.641705,-79.393295,23
474,9d145fd59618d68dab06dba1c8900fe9,Bloor St W / Riverside Dr,43.647663,-79.487583,15
475,ea3315c38d0d6b79d5e38457850a1cfc,Sunnybrook Health Centre - S Wing,43.720998,-79.377456,3
476,9e3c071c1a1b47ea05a20fa713416614,Yonge St / Woburn Ave - SMART,43.72814640000001,-79.4032194,11
477,238f97722fa9fb7a59373178433ee0bb,Simcoe St / Michael Sweet Ave,43.652327224103,-79.3882538196087,13
478,bac1dcd28fcdff0438987edfef742154,Queen St W / Dovercourt Rd,43.6438602,-79.4227573,3
479,b5473ba8329a31e18dfbc5067cf61369,King's Mill Park,43.64920406876699,-79.49336334201408,0
480,ac69c04aecded671ae0de9f0ab51873b,University Ave / Richmond St W,43.6503935,-79.3860211,20
481,2a56ebfe680276d40a591ef322457f70,135 Queens Wharf Rd - SMART,43.6399714,-79.39940399999999,6
482,fc6389e5eba6c99ed3c0185b65c9cb5c,406 Oakwood Ave,43.68827060022711,-79.43937767081853,9
483,3681db49ef2d337bfb035ab1ac33e2c2,Granby St / Church St - SMART,43.6614605,-79.37894570000002,19
484,d10b85cd917407519f2491252a022a01,Lumsden Ave / Eastdale Ave,43.69413548199171,-79.30058718775287,10
485,2cf04264d349d318f68193444d9c5ad0,Yonge St / Lawrence Ave E,43.7254665,-79.40115449999999,19
486,b63112d639d75af6c2e5481df147cf77,Yonge St / Orchard View Blvd,43.7083577,-79.39886200000001,25
487,8e1aceb253c43b2648c7a7bc41ae1023,Hanna Ave / Liberty St,43.63840090000001,-79.4197107,11
488,7398115d8ae10074445ef787822317dd,Lower Don River Trail and Taylor Creek Trail,43.7027268,-79.33368089999999,5
489,3941abb3cf0f4b0fed316e0a2ed7452f,St Columba Pl / St Clair Ave E,43.70567,-79.310554,12
490,9eb5acc897b27515ad12ee8fade63062,Strachan Ave / Princes' Blvd,43.635,-79.4088888888889,0
491,8b5819a5a6fb1ea79521a607ebb0a5ab,King St E / River St,43.656784782853144,-79.35627385059036,4
492,bc0aa12455a97e86cf1be415300027db,Yonge St / Golfdale Rd,43.732016,-79.403637,14
493,3c82caf01f887871b4e27b9e9616cf77,909 Yonge St,43.67515255542865,-79.38849615969643,10
494,685abb6b7df0fc0b474505ef5e2663fe,640 Bloor Street E,43.67468857448634,-79.36701962396272,16
495,2fe7046cdd8cc701a2240f52b9e8555f,York University (Glendon Campus) - SMART,43.727365488246306,-79.3814254607724,11
496,37b4b6822fe05d33d64c2a174a23a4ee,1303 Yonge St - SMART,43.6846177,-79.39245919999999,15
497,db63343ae1e174637ed6eba3912c4440,York University Station (South) - SMART,43.77345,-79.5002,16
498,ef56a1cd06ce475b3420570afbced3fa,Woodbine Subway Station,43.686442,-79.313404,13
499,e5f767772c705d8231b6b198de4aa458,Spadina Ave / Sussex Ave - SMART,43.66402799999999,-79.40297869999999,29
500,fc7fa6476f3fce587eeb9e2200faa005,Simcoe St / Queen St W,43.65049,-79.3873,21
501,a93e2f7df07b08d45c3ae0a1502c184c,Bathurst St / Front St W,43.64134790000001,-79.4013882,3
502,ca19ceffb308e52cc30e908f7dd57475,Bay St / Harbour St (East),43.64215,-79.377,1
503,b64e9d0701f0c67b654468e6bfdba32a,East Liberty St / Western Battery Rd,43.6392777,-79.4115736,2
504,5e955f1219b3ebaf906b808073da5e1e,King St W / Brant St,43.645102,-79.39744979999999,8
505,3a6af188aaae40c51d6ec8d22cd104d2,Bloor St W / Gladstone Ave - SMART,43.6602021,-79.4342726,9
506,479d21ebdac47eb8e30a209268e0bebe,High Park Blvd / Parkside Dr,43.644887,-79.45641169999999,8
507,9be84ceedbc228a38abe565a95d0d0ab,20 Eaton Ave,43.680012,-79.34403250000001,6
508,3ffc414d28a17036998674a120f66c6f,Fort York Blvd / Garrison Rd,43.637381,-79.406112,2
509,32444ff0455dc908ae997a28379ebe7d,Housey St / Dan Leckie Way,43.63811,-79.397877,23
510,bf59891d338ebdd311b6d839cdde77b8,1525 Dundas St W,43.64957,-79.432446,4
511,32b49dd6da901eac98ec2028f4447d71,85 Lee Ave,43.6700692,-79.2971326,18
512,a5836251279be7a7699855d904f4ddf0,Mutual St / Shuter St (Arena Gardens),43.6559476,-79.37558829999999,11
513,010507feed5b8d87c40cd95933ed5654,Queen St E / Joseph Duggan Rd,43.6677628,-79.30811709999999,4
514,941a4749a64f58b21da983a2c679ee40,Heyworth Cres / Kingston Rd,43.6750806,-79.3068697,12
515,d9103bade315662e56fbbc902b342ee6,St Clair Ave W / Caledonia Rd,43.6754247,-79.4547813,3
516,e7c767f3a1e8dcb9a41229a68b69eaad,Wellington St W / Stafford St,43.6409957,-79.40966630000001,13
517,a7060ce11ef209bd9f6905ab5bd50a34,111 Broadview Ave,43.6593483,-79.34993659999999,17
518,947c5660ee75d790b7db219013ea64e7,Christie St / Dupont St,43.67168,-79.421192,11
519,b59204ea6e3eaa8ade44469b0cd3703e,Richmond St E / Jarvis St Green P,43.652634,-79.374222,0
520,893f13f8835cc86bd1bc0e16de10e92d,Bathurst St / Dundas St W,43.6519501,-79.4060978,17
521,b01afd080bfe7a9ae061756b868ef9f0,Oak St / Sackville St,43.6613642,-79.3641171,19
522,4c1ee1ccabcd1c9eaca449e5b3bbbb6f,24 Mountjoy Ave,43.6808774,-79.3304491,6
523,d2505c265a6e749d5d2be70c140f029d,Colgate Ave / Carlaw Ave,43.6623658,-79.3413344,5
524,a2f8dc99e24a4f75d8d8f3f98efbc535,Felstead Ave/Gillard Ave (Monarch Park),43.6791345,-79.3263159,21
525,290fef611ea995910eb2d8e6dee93350,Lower Jarvis St / The Esplanade,43.6478206,-79.3704721,3
526,31d87930da4eacc3748b5fee65f96259,Coronation Park (Martin Goodman Trail),43.635495,-79.40352209999999,1
527,edbbbbc2b0bd5c8322b6395633ce610c,101 Cedarvale Ave,43.6868681,-79.3110942,17
528,61b868926458c2406053b0bf2f81dcd6,St Clair Ave W / Oakwood Ave,43.678177,-79.435364,14
529,804d113fb2dbc6b44947189e9e8bff7d,Beltline Trail / Yonge St,43.6962302,-79.39504339999999,21
530,7a271c4cbc993e06ac677f78d5b6ba4b,Shaw St / Essex St - SMART,43.667076,-79.425116,10
531,d24c01668df7f8e972f3e5980bf1fc6e,St Clair Ave W / Robina Ave,43.68005,-79.43469,14
532,a76d410d56c1dadfbc8960683df209e2,Joseph J Piccininni Community Centre,43.675648,-79.4527619,8
533,910e92b9e361308bb305c6780fce822f,11 Spadina Rd,43.6677246,-79.4041365,9
534,56275b952451bea6cdc0a9e666ea363f,Vanauley St / Queen St W - SMART,43.648437,-79.39838,1
535,2904c293698dc248004b5f43e1a28f80,Sherbourne St / Wellesley St E,43.6673,-79.374,15
536,2e6dd23e4dee03087c5e80f76cda5519,Queen St W / Bay St (City Hall),43.6517925,-79.38269509999999,20
537,90753b36d53f9713816264fff0eb5cba,Queen St W / Roncesvalles Ave,43.6372958,-79.4423237,4
538,19997314e5dc85c591c39255f1081992,Havelock St / Dewson St,43.6554793,-79.4302462,3
539,e28bec2cacb249601ba4e3da8ce10aa3,St Clair West Subway Station - Heath Entrance,43.686352,-79.415894,20
540,e15764d43dae2febba437044f0b41c0d,Queen St W / Shaw St,43.6442457,-79.41610440000001,4
541,02d90c8ede19da66083e0d0e14d17258,York University Station (North),43.7741,-79.5005,11
542,70f4c2f125f887140a39865c643b83e1,Spadina Rd / St.Clair Ave West,43.683979,-79.410657,14
543,a73d255f1af70c61f91b4bbf216054ec,Spadina Ave / Adelaide St W,43.6472019,-79.3953394,2
544,d6bc7298aa11006015119e2e237ce83d,Cherry St / Mill St,43.6513927,-79.35794659999999,9
545,a385b32a5f6b3de23ce3def7f59ecbc1,Jarvis St / Maitland Pl,43.6647688,-79.3772602,9
546,d21421de2283d1ef48895cf1810b0200,Temperance St / Bay St,43.6506,-79.381285,2
547,fca601c1041c34a9c42af38d71e7403a,Cherry Beach Sports Fields (55 Unwin Ave),43.6408346,-79.3429074,8
548,89a0071a8f7f69a70263dd5c0d9d64f5,Randolph Ave / Perth Ave,43.6585504,-79.4497659,7
549,0ec6c1acd2e8975a5a2d5ddfe6028115,Wolseley St / Augusta Ave,43.6484201,-79.40051919999999,1
550,a3246dc710b72e282aabc15520392d98,Lumsden Ave / Cedarvale Ave,43.693187,-79.314283,11
551,e8fa9e1f75a6a3e6795f420149665538,Niagara St / Portland St,43.6425791,-79.40011729999999,1
552,4c9eb7bf1d6f6464b60956afb4cb7bc6,Church St / The Esplanade,43.6469251,-79.3733192,2
553,32cbcb81d2d04a16ed2d1d2ed35220d4,King St W / Portland St,43.644395,-79.40065430000001,3
554,eec8016afd7a2c9574726724fc5bbab9,Widmer St / King St W,43.6463574,-79.391206,5
555,f01e7413a6af4607ca80257160d89ae6,Wellesley St E / Parliament St,43.6682342,-79.3702641,6
556,90fadd5570633a9503c556d49fcd59b8,Yonge St / Macpherson Ave,43.6791876,-79.39071899999999,15
557,2e3ac17daffcf4eac85216832f31a3b5,Davenport Rd / Bedford Rd,43.674446,-79.398331,5
558,df51480ffd94a7b3412a6d3cc7706585,265 Armadale Ave,43.6501644,-79.48296909999999,11
559,b87051aeba987c7cf84dd59ab88c67bd,800 Fleet St,43.636804,-79.408832,0
560,15b272ca422dbbafeb002f3a84d15436,St. Joseph St / Bay St - SMART,43.6658804,-79.38761010000002,11
561,9144e4fe1b004cd29d1f4a056a3542fc,Victoria Park Ave / Kingston Rd,43.68035,-79.28357,8
562,328543a3291fd54d24971108f96bb053,Ontario St / Adelaide St E -SMART,43.6535052,-79.3667689,8
563,6140f3635573c8910f854df84e633837,Highview Ave / Kennedy Rd,43.702418581463505,-79.2563167072858,3
564,8e671c6621816f2d0003b23c0bda5e08,Kingston Rd / Warden Ave,43.68824135931814,-79.27046628033244,12
565,88ede41a08aa08dfee94f811a9834e1b,Birchcliff Ave / Kingston Rd,43.691688,-79.265027,7
566,3db3e716f02f4035f98fc1f07a0fecd9,Kingston Rd / Glen Everest Rd,43.697490048103,-79.25655146462776,9
567,a4e9775f52cd109d87faa6d5de6a395a,Birchmount Rd / Kingston Rd,43.69401297794256,-79.26257204548136,2
568,bfa44ca6c3c167b3a804a93fc1f0ce36,Pharmacy Ave / Danforth Ave,43.6929478,-79.28339980000001,4
569,719e676d739529c8d5da8bb89c5c8678,Danforth Ave / Warden Ave,43.6950192,-79.27180659999999,12
570,4458cd04d9fb8c770ac4bae9d9db2d63,Eglinton Ave W / Gilbert Ave,43.69263249999999,-79.4627536,9
571,f01ce5efb5e67f30b96994096ac1d300,Sharpe St / Park St (Sandown Park),43.7105975,-79.2541175,11
572,237e73b6b68d9b4f9ce8dded10a8863b,Eglinton Ave W / Prospect Cemetery,43.69415,-79.45782580000001,5
573,5d50213748a35f8c70977b69abac0ef3,Marlee Ave / York Beltline Trail,43.70163,-79.44099,8
574,6e21dd07c568ac71711f1358b58c7f3c,Bert Robinson Park,43.688028,-79.460265,10
575,e59ebca743500b50891c5d639a6ef349,Rogers Rd / Prospect Cemetery,43.68323,-79.455765,9
576,3098e8839fd687446744220b13c1744e,Eglinton Ave W / Ennerdale Rd,43.69466,-79.45376999999999,11
577,5f06c49f182da959fa0f03e746fc2e4a,Chester Subway Station,43.6784834,-79.3513564,2
578,8078f553106f543301e06cb4942063c0,Bloor St W / Old Mill Trl,43.65016869999999,-79.4963345,14
579,1b853c3b515bbb20d04729c8059f08ee,Wendover Rd / Bloor St W (Green P),43.6492,-79.50601999999999,9
580,b97fe36c9f29990955a8b64d6be5f602,Luttrell Ave / Danforth Ave,43.6897656,-79.2939525,11
581,e7b2879f63e9d4253fe62838b99f9b4f,1926 Lake Shore Blvd W,43.6357643,-79.4674917,9
582,ab463b4b4fbf00bbfbe972989481ed7d,36 Park Lawn Rd,43.62369169999999,-79.4838132,14
583,ad95eee599a96b92c9849bfa5044bba0,Howard Park Ave / Parkside Dr,43.648657,-79.458111,1
584,501cea9e754b07ac8713b850ea9b13f2,Ted Rogers Way / Bloor St E,43.671293,-79.380471,9
585,b1ab2925abdc520ac548b7e700077bb9,Walter Saunders Park,43.699327072589426,-79.4493630391668,12
586,7c454a73ac552534dbda2c7e18d700f2,Park Lawn Rd / Berry Rd,43.63560589999999,-79.4934616,11
587,d98ed5a52cd490b3cc4aa57f11510ecb,Tobermory Dr / Finch Corridor Trail,43.7611741,-79.5114452,12
588,d18724327840a287a10b260d5b3e0b3a,Driftwood Ave / Finch Corridor Trail,43.7603624,-79.5162777,17
589,7ef4283f9ce9f067e7127e5431d45f81,Grand Avenue Park,43.62313,-79.4918,17
590,1c756a37352a017e82b4f3d678d00590,The Pond Rd / Shoreham Dr,43.772445,-79.511912,3
591,cc1432c52b1e87a738180d369ed1136b,Berkeley St / Adelaide St E - SMART,43.653359,-79.365023,4
592,a558e5fb7b283d40286ff45d4f2d1d9f,Kingston Rd / Ridgemoor Ave,43.70643614257429,-79.25104443353288,1
593,7598cfd1da04463554587807fee08a3d,Moss Park,43.655972,-79.370638,0
594,354bb1fec6b6bcc47b0f2632de2f270e,York St / Lake Shore Blvd W,43.641952,-79.380723,5
595,44e60e088e0130eb438a3c64cd6074e8,St. Andrew's Playground Park,43.646552,-79.399586,1
596,9951452d4d7b06a7090aad89d539aee1,College St / Henry St ,43.6591529,-79.3947953,6
597,01136ad859ed85b0b15029e1b1e702fc,Emerson Ave / Bloor St W,43.659055,-79.440764,19
598,99585d4f6ec47a797c42027b8c246d25,Sherbourne St / Isabella St,43.669576,-79.375961,9
599,8227765aa9d7a960abddcabec4194956,Victoria Park Ave / Dawes Rd,43.706466,-79.29511,13
600,c6970dbdfda7b8de482a4f593ed5e4f8,Roncesvalles Ave / Fermanagh Ave,43.646314469245205,-79.44879407014527,9
601,9239e6ede8fefff4cde18784c4dd82b0,Tommy Thompson Park (Leslie Street Spit),43.65222662225532,-79.32295440954084,16
602,42fd6840fd4d296944709870c6b07d83,St. John's Rd / Dundas St W,43.66526761605873,-79.47502122887077,7
603,d0d1e35af38818e4f0d4ce2e983ddb67,Albany Ave / Bloor St W,43.66554144421798,-79.41010317605742,3
604,8f1ec0b715c806c73e96db74922ca163,Pioneer Village Subway Station,43.77649016265579,-79.5085364909097,9
605,32f618847043b8011f80333b5e7ea8b3,Toronto Eaton Centre (Yonge St) - SMART,43.655431,-79.380653,3
606,9c273cbe285ff5d1a12e3736a77fa9df,Armoury St / Chestnut St,43.65351799690878,-79.38591063795928,14
607,6ef5beb81c4c0140029ebf4bf192fcf5,Lake Shore Blvd W / Brow Dr,43.59119994025076,-79.54449133041076,10
608,59c65f9b8ad030535168838f871d5895,25 Booth Ave,43.6544839,-79.34105699999999,0
609,36e4390d0f95acd44b5c85f49217d360,Spadina Ave / Sullivan St,43.65082785552666,-79.39698099821702,11
610,5497bba2b352b75075542bf5a290dd8a,St. Clair Ave W / Osler St,43.673843560032594,-79.46092618902435,8
611,9fd381407b51a700753caec17607a127,Simcoe St / King St W,43.647508351306186,-79.38604436555764,3
612,af7fe7debf2e8521bcdd991c1bd0b6be,Grenoble Dr / Gateway Blvd,43.71513211098082,-79.33413623320465,6
613,427a1106d58263dd1af25b459ea419b1,Grenoble Dr / Deauville Ln,43.71649675774656,-79.33089439933623,10
614,5ef85e20443d6510beb1604c56a32dab,Grenoble Dr / Vendome Pl,43.715537998967406,-79.32811427663442,1
615,5a0b70488e83a9220011c89551d6a7de,Thorncliffe Park Dr / Leaside Park Trail,43.70400405297843,-79.34807015078738,12
616,b621c72d79bc4d5df4258a78fa83412d,Ferrand Dr / Rochefort Dr,43.719632535237835,-79.33199950866776,8
617,a7094de32ada64b8fdd296f2ae3960d0,165 McRae Dr,43.70656159598004,-79.36781965092621,6
618,7cf109e173e4734690f71b81a35ac57d,75 Thorncliffe Park Dr,43.70518328279426,-79.34224729962946,7
619,c1a843f198dd5b944533f5b53672a120,Mount Pleasant Rd / Davisville Ave - SMART,43.70088225686968,-79.38736016665911,14
620,f4d33af4f0cfe71c2bc31fa004030b47,St Clair Ave W / Avenue Rd ,43.68688938028234,-79.40099513147447,14
621,5e41d051a93e4087fc80e372089dbd6c,HTO Park (Queens Quay W),43.63796,-79.387502,18
622,dd65003e27abc37a3a1e5b524eb00203,Nassau St / Bellevue Ave,43.65484215542248,-79.40351232494366,1
623,8facbe8d87dc7f1fd7ea00321ba78b50,Huron St / Harbord St,43.6637,-79.400053,15
624,eb524dc294d5460d6f1d4cdf90b6351f,Ward St / Wallace Ave,43.662857,-79.44618,10
625,18205da5f64c1666d9a9fc2edca93988,Starspray Blvd / Lawrence Ave E,43.788319,-79.123505,12
626,7a666ee6c60a7f8ffec9334924d36c6a,The Well,43.643025055165865,-79.39430137761319,8
627,5335413d6fb1eedf5db4e61589946795,60 Carl Hall Rd - SMART,43.7482972,-79.47570569999999,17
628,3c09457be4ce775b0cd37e8b073f4ee8,HTO Park West,43.63737145931921,-79.38976958703309,19
629,c0cb4d9e138defbdefd1f862cf2bd095,Downsview Park Blvd / Keele St  - SMART,43.73673829262113,-79.48227195568086,6
630,9e69637f78eb0df524d0ac37abb4c431,Downsview Park Subway Station - SMART,43.753107,-79.479626,19
631,7b645bb451744c620f391544a625888d,Keele St / Dovehouse Ave - SMART,43.7494501,-79.4869662,8
632,a79d5810f694370a821fd385145cb109,Exhibition GO (Atlantic Ave),43.637695491830144,-79.42023184193503,0
633,3dbd618c6fba43406cf1b8cf9165647b,Queens Quay E / Lower Jarvis St ,43.64392767366328,-79.3687301736982,0
634,2ccced1dbd563c3842d265b565098de1,Phoebe St / Spadina Ave,43.650033,-79.396555,22
635,b1378d745af2e60fe542370cb6374226,Lynn Williams St / Pirandello St ,43.639124514797004,-79.41423166721611,3
636,c845b03b2ffaa03ebba13b5c61da3af2,Bay St / Queens Quay W (Ferry Terminal),43.640978,-79.376785,29
637,f8bbce635f366ade23994d02cb6fcc75,College St / Huron St,43.658148,-79.398167,9
638,be39936af5ab6b60d98a2d6756387909,Northern Dancer Blvd / Lake Shore Blvd E,43.663162,-79.309765,14
639,146c961dd6b178771287133da0629eba,Spadina Rd / Austin Terrace,43.67883,-79.408723,14
640,38d3408bfdf5a321a15ae61358af4aac,York St / Queens Quay W,43.640132,-79.380464,40
641,cc38e99861bed2afea72ec6211fecdbf,Front St W / University Ave (1),43.6451635,-79.3831757,3
642,ae77752fa855081311919ad282b18482,Willingdon Blvd / Bloor St W (Green P),43.64817,-79.510392,6
643,dbf9d3fb9932d05d7ddda51acd4d26b0,Wallace Ave / Symington Ave - SMART,43.661324,-79.449534,6
644,c89b262c82b9b2107a954987d36ad4a3,Wellesley Station Green P,43.66496415990742,-79.38355031526893,10
645,813af609ddd87595d5352942579a73a9,York St / Harbour St (Love Park),43.640741,-79.3798521,6
646,7fac6bfdffa0a7b4ff8a3f1ebd78da81,Sherbourne St / Carlton St (Allan Gardens),43.663102,-79.373181,7
647,f91f2493c8cca75e7c70987c8d0a516c,Ontario Place Blvd / Lake Shore Blvd W,43.6322445,-79.4108105,13
648,40e171b076eee2cc9b8405f394f0ace7,Simcoe St / Dundas St W - SMART,43.655103,-79.389295,16
649,8362e07e9e4d9c67eb283cae15684c8e,College St / Markham St,43.6563888888889,-79.4091666666667,9
650,71ecba080a7e19ebfb8dcde4964a5277,Sunnyside - Gus Ryder Pool,43.637894,-79.454823,20
651,90255da65a5396af7e18b556f1d3e618,High Park - West Rd,43.6525077,-79.4654233,18
652,ba4fc8dd224feedb2762d341bf58916f,Bloor St W / High Park Ave (High Park),43.6535269,-79.4650569,17
653,15e76731635f7e3ac4484228bc8f60ad,Front St E / Cherry St,43.652686,-79.358395,12
654,25b1225382e6b213b935daffe25fbfff,519 Church St  - SMART,43.666850777484896,-79.38114574756837,2
655,092cb5f641f627d7b43e321542ccc066,Dundas St E / River St,43.661152,-79.358505,11
656,daf29ca6d17e9b4b4921ebfb3fa749c4,Shuter St/River St,43.659296,-79.358035,2
657,83af92756a52874ce9bade85f065f4d1,Madison Ave / Bloor St W,43.667158,-79.402761,12
658,59ebd8c24f539c66f2fa4f178e75eb0a,Danforth Ave / Danforth Rd,43.69362206784152,-79.27710529695892,8
659,aa44f34bf848cea7d5570c51697d8ac4,Brimley Rd / McCowan District Park,43.72704086366749,-79.24391402446746,11
660,5539f3700e4ce9e5701353a667924538,Ossington Ave / Bruce St,43.64570236705167,-79.41933192053696,0
661,1829fb7bd0a98ee2fc523f35ea417baf,King St W / Jameson Ave - SMART,43.63735795888104,-79.43617975886079,0
662,8799c470baa28d22cc44e4efd611aef5,Parkcrest Dr / Kingston Rd,43.73596719224253,-79.21995221481933,13
663,7f760f7680dae3ad47ef0821337c8366,Scarborough Soccer Centre,43.7154661,-79.2876595,11
664,6f7157a5846ff850e7e5b9f6b8b450c4,Lansdowne Ave / Seaforth Ave ,43.642904395956684,-79.43746059447746,2
665,cc5bd0485cb1b99156098277af99641f,Danforth Rd / Birchmount Rd ,43.70688,-79.26850999999999,8
666,362434f77c0efeb50a5deb4ca9ce8969,Pharmacy Ave / Teesdale Pl,43.697356080874876,-79.28528711019696,10
667,ec83cf5759b66963ff5ea75bee4b9f1d,Yonge St / Montgomery Ave - SMART,43.70960859570095,-79.39915125005619,12
668,8fc44e8a98df79c9c41e04c531551a25,552 Birchmount Rd,43.71176278859601,-79.27028152889692,11
669,519ee649fcd1ad28beade12953db3732,Highfield Rd / Gerrard St E,43.671771,-79.324961,0
670,44d245c021bcfb69fed5e4b088d60dd5,Eastgate Ct / Pharmacy Ave ,43.7110442448186,-79.29127313845584,10
671,84e8e3827807916c9c3ac9b60404346d,Firvalley Ct / Warden Ave,43.7032112,-79.2787149,10
672,84dc7d9185e88915466d12f23fe07753,Midland Ave / Kingston Rd,43.7128578,-79.2487086,10
673,6228f42d28032bf18c0a7f9411df5fa0,Bellamy Rd S / Kingston Rd,43.7323277855009,-79.22496619876934,8
674,ec3b9fd9e808fc3e1819e802f02ea442,Avenue Rd / Cumberland St ,43.669821695059376,-79.39444614603269,9
675,a0f722fb6a0db164e9f07ae1f0cad178,High Park Amphitheatre,43.645653,-79.464366,1
676,aabe4d22a65f405432956d974bd827c4,High Park Outdoor Pool,43.649217,-79.465319,27
677,07bf4729ad15e9e2d17d072dfb67e6b0,Fenwood Ht / Kingston Rd,43.72690169821676,-79.22920396582664,10
678,df05fe5ca5c71ce120962deaac85c1fa,Avenue Rd / Macpherson Ave ,43.67794376009951,-79.39836278587889,8
679,4eb1725531708991a552c929b737330f,Princes' Gates,43.634565,-79.409161,1
680,455237ee758de316844bd61287671f23,Dufferin St / Queen St W,43.64309687937765,-79.42875613770637,2
681,ffeaa2aaedeb18fc11f708bcd8323149,Bay St / Dundas St W,43.655350778457056,-79.38345966759798,9
682,1993b48e5142184f347f9d517f120d03,Shaw St / King St W,43.6412561641921,-79.41502994047545,0
683,6eaaf36cd079d08d973fdf24e217aa3d,Portland St / Queen St W,43.6476,-79.4015,2
684,f2bce10cc9ea50a3431d1ed152ff4e2c,Yonge St / Merton St ,43.6962750705313,-79.39629396191867,19
685,b602b86a935450f8aae69903762d466e,Soudan Ave / Yonge St ,43.70430959999999,-79.3972815,12
686,1458ace78e8ffe65dd60c610007afe8e,Avenue Rd / Oxton Ave ,43.69711160305226,-79.40537298227844,13
687,3b485775d2f902b5529790c4047dff24,1612 Danforth Ave ,43.68370788065334,-79.32262453633884,15
688,1c0219e93091b1027eda482f4a31ded6,75 Holly St - Green P,43.7063279,-79.3962499,18
689,4b9dda1f2f28774233b34dcff549466b,Adelaide St W / Brant St - SMART,43.64600446255825,-79.39877642209015,5
690,b542b8a95776fceb86045c831303a7cd,Lisgar St / Queen St W - SMART,43.64299174164139,-79.42355911563249,13
691,786a216c74ede38763e705b21c0284e2,Leslie St / Commissioners St  ,43.657275497390124,-79.32661544194183,13
692,3a73375ca8c3f3fc85b7b32ec080be5e,Greenwood Ave / Sammon Ave,43.68698672516659,-79.33478198280334,9
